Dimension,Category,G1 count,G1 proportion,G1 SD,G2 count,G2 proportion,G2 SD
Citation position,Introduction,91,0.9285714285714286,,17,0.3269230769230769,
Citation position,Related Work,0,0.0,,0,0.0,
Citation position,Methods,1,0.01020408163265306,,8,0.15384615384615385,
Citation position,Results,6,0.061224489795918366,,1,0.019230769230769232,
Citation position,Discussion,0,0.0,,26,0.5,
Citation distance,Same sentence,55,0.5612244897959183,,0,0.0,
Citation distance,Same paragraph,15,0.15306122448979592,,2,0.038461538461538464,
Citation distance,Same section,0,0.0,,13,0.25,
Citation distance,Same article,3,0.030612244897959183,,6,0.11538461538461539,
Citation distance,Single self-cited article,25,0.25510204081632654,,31,0.5961538461538461,
Citation strength,1,93,0.9789473684210527,,37,0.8809523809523809,
Citation strength,2,1,0.010526315789473684,,2,0.047619047619047616,
Citation strength,3,1,0.010526315789473684,,1,0.023809523809523808,
Citation strength,4,0,0.0,,2,0.047619047619047616,
Citation strength,>=5,0,0.0,,0,0.0,
Citation function,Foundation,0,0.0,,0,0.0,
Citation function,Inspiration,0,0.0,,1,0.019230769230769232,
Citation function,Extension,0,0.0,,1,0.019230769230769232,
Citation function,Application,5,0.05102040816326531,,8,0.15384615384615385,
Citation function,Elaborated Citation,0,0.0,,0,0.0,
Citation function,Comparison,0,0.0,,3,0.057692307692307696,
Citation function,Similarity,0,0.0,,1,0.019230769230769232,
Citation function,Affirmation,0,0.0,,6,0.11538461538461539,
Citation function,Related Work,2,0.02040816326530612,,5,0.09615384615384616,
Citation function,Simple Mention,16,0.16326530612244897,,18,0.34615384615384615,
Citation function,Comparison between Related Work,0,0.0,,0,0.0,
Citation function,Future work,0,0.0,,2,0.038461538461538464,
Citation function,Further reading,0,0.0,,0,0.0,
Citation function,Historical Background,75,0.7653061224489796,,7,0.1346153846153846,
Citation depth,Deep citation,0,0.0,,1,0.019230769230769232,
Citation depth,Moderate citation,5,0.05102040816326531,,21,0.40384615384615385,
Citation depth,Shallow Citation,93,0.9489795918367347,,30,0.5769230769230769,
Semantic similarity,Mean score,,0.6326530612244897,0.05290219729237738,,0.7026241987179487,0.061079737141230994
